{
  "strategy1_weather": {
    "test_mse": 0.24936164256572704,
    "test_r2": 0.001979881864734856,
    "baseline_mse": 38.2
  },
  "strategy2_features": {
    "mse_full": 1141.2275745142658,
    "r2_full": 0.9985756729981913,
    "mse_selected": 1220.5433503094146,
    "r2_selected": 0.9984766816982461,
    "improvement": -6.950040251954783
  },
  "strategy7_learning_curves": {
    "train_sizes": [
      100,
      300,
      500,
      1000
    ],
    "quantum_mse_test": [
      8791.775052485036,
      1.2287220469593096,
      1.161808242991646,
      1.9258193656455072
    ],
    "rf_mse_test": [
      797800.1478255717,
      168698.8636803009,
      116524.9169550741,
      106200.44425823084
    ]
  }
}